{
  "eslint.config.js": 1776118522.6699507,
  "vite.config.ts": 1776118523.1233726,
  "src\\App.tsx": 1776118523.131572,
  "src\\main.tsx": 1776118523.137415,
  "README.md": 1776118522.8104115,
  "public\\favicon.svg": 1776118522.9883747,
  "public\\icons.svg": 1776118523.0164473,
  "src\\assets\\hero.png": 1776118522.8755732,
  "src\\assets\\react.svg": 1776118523.0422053,
  "src\\assets\\vite.svg": 1776118523.0665417
}